INSERT INTO `skillgroup` (`id`, `omandatudOskus`, `textDescription`, `ageGroup`) VALUES
	(1, 'Kas laps hoiab pead?', ' Peahoidmine tähendab seda, et lapse kaelalihased on muutunud tugevamaks ja laps ei vaja enam pea hoidmiseks välist toetust.', '0-3'),
	(2, 'Kas laps oskab tuua käsi kokku?', 'Laps puudutab tahtlikult enda ees asetsevat mänguasja ja/või ema-isa nägu.', '0-3'),
	(3, 'Kas lapsel esineb ülesirutust?', 'Ülesirutus tähendab seda, et laps tahab end tihti nö "vibusse" visata.', '0-3'),
	(4, 'Kas laps oskab toetada kõhuliasendis küünarvartele?', 'Küünarvarstoetus kõhuli asendis tähendab, et laps suudab lühiajaliselt säilitada stabiilse küünarvarstoetuse kõhuli asendis, tõsta aluselt pead üles ja oma ümbrust uudistada.', '0-3'),
	(5, 'Kas laps haarab aktiivselt mänguasja?', 'Lapsele rinnaku kohale mänguasja asetades, haarab laps selle järele tahtlikult ning kahe käega.', '0-3'),
	(6, 'Kas laps oskab iseseisvalt seljalt kõhule pöörata?', 'Laps pöörab iseseisvalt seljalt kõhule üle kõlema külje, kuid ei oska veel tahtlikult kõhult seljale pöörata. ', '4-6'),
	(7, 'Kas laps oskab kõhuliasendis randmetele toetada ja haarata?', 'Kõhuliasendis suudab laps sirgetele kätele toetudes enda kehatüve sirutada (sõrmed võivad olla veel painutatud). Sirgetele kätele toetudes suudab laps ühe käe vabastada ja sellega mänguasja järgi haarata. ', '4-6'),
	(8, 'Kas laps oskab kõhuli ümber enda liikuda?', 'Laps oskab kõhuli asendis ringiratast ümber oma telje liikuda ehk pivoteerida. Laps teeb seda aktiivselt nii oma paremale kui ka vasakule küljele.', '4-6'),
	(9, 'Kas laps oskab kõhuli roomata?', 'Laps oskab kõhuli asendis edasi liikuda. Roomamiseks peetakse kõht vastu alust edasi liikumist. Mõni laps liigub aga väga agaralt ka tagurpidi.', '4-6'),
	(10, 'Kas laps oskab sirgetele kätele toetuda labakäsitoetusega?', 'Laps oskab kõhuli asendis ennast sirgetele kätele ning kõrgemale lükata, peopesad on nüüd avatud.', '7-9'),
	(11, 'Kas laps oskab iseseisvalt kõhuliasendist käpuliasendisse minna?\n', 'Laps oskab kõhuliasendist iseseisvalt minna neljapunktitoetusesse ehk käpuliasendisse.', '7-9'),
	(12, 'Kas laps oskab käpuliasendis liikuda?', 'Laps oskab neljapunktitoetuses ehk käpuliasendis ilma abita ise edasi liikuda.', '7-9'),
	(13, 'Kas laps oskab isesisvalt istumisasendisse minna?', 'Laps oskab iseseisvalt minna istumisasendisse läbi käpuliasendi või külglamangu. ', '7-9'),
	(14, 'Kas laps oskab iseseisvalt istumisasendist käpuliasendisse minna?', 'Sinu laps oskab ka iseseisvalt lahkuda istumisasendist siirdudes käpuliasendisse. ', '7-9'),
	(15, 'Kas lapsel on hea istumistasakaal?', 'Laps istub ilma raskusteta iseseisvalt ning mängib isetumisasendis. ', '7-9'),
	(16, 'Kas laps tõuseb  toe najal ise püsti?', 'Laps tuleb toe najal põlvitusse, asetab ühe jala täistallaga maha ja tõukab ennast püsti.', '10-12'),
	(17, 'Kas laps oskab toe najal külgsamme teha?', 'Laps oskab toe najal seistes külgsamme teha. Ta hakkab toe najal liikuma nii paremale kui ka vasakule küljele.', '10-12'),
	(18, 'Kas laps seisab püstises asendis varvastel?', 'Lapsel esineb iseseisvalt püsti seistes varvukilseisu, täistaldadel seisab laps harva.', '10-12'),
	(19, 'Kas laps oskab iseseisvalt seista?', 'Lapsel on nii hea seismistasakaal, et suudab ilma toe abita seista.', '10-12'),
	(20, 'Kas laps oskab iseseisvalt kõndida?', 'Lapse kõnnib isesisvalt ilma toe või lapsevanema abita. ', '10-12');

INSERT INTO `skills` (`id`, `skillName`, `skillgroup_id`) VALUES
	(1, 'Peakontroll', 1),
	(2, 'Käte keskjoonele toomine', 2),
	(3, 'Ülesirutuse vältimine\n', 3),
	(4, 'Kõhuli küünarvarstoetus', 4),
	(5, 'Haaramine', 5),
	(6, 'Seljalt kõhule pööramine', 6),
	(7, 'Kõhuli sirgetele kätele toetamine', 7),
	(8, 'Kõhuliasendis haaramine', 7),
	(9, 'Ringselt liikumine', 8),
	(10, 'Roomamine', 9),
	(11, 'Kõhuli sirgetele kätele toetumine', 10),
	(12, 'Käpuliasend', 11),
	(13, 'Käputamine', 12),
	(14, 'Käputamine', 12),
	(15, 'Ise istuma minemine', 13),
	(16, 'Istumisasendist käpuliasendisse minemine', 14),
	(17, 'Kaitsetoetusreaktsioonid', 15),
	(18, 'Istumine', 15),
	(19, 'Püsti tõusmine', 16),
	(20, 'Püstisest asendist alla tulemine', 16),
	(21, 'Külgsammude tegemine', 17),
	(22, 'Täistallal seismine', 18),
	(23, 'Seismine', 19),
	(24, 'Kõndimine', 20);


INSERT INTO `exercise` (`id`, `exerciseName`, `skills_id`) VALUES
	(1, 'Arendame peakontrolli\r\n\r\n', 1),
	(2, 'Treenime peahoidu', 1),
	(3, 'Treenime peahoidu 2', 1),
	(4, 'Arendame peakontrolli pallil', 1),
	(5, 'Harjutame käte keskjoonele toomist', 2),
	(6, 'Harjutame käte keskjoonele toomist: kalli-kalli', 2),
	(7, 'Harjutame käte keskjoonele toomist mänguasjaga', 2),
	(8, 'Harjutame käte keskjoonele toomist', 2),
	(9, 'Ülesirutuse pärssimine', 3),
	(10, 'Õpime ülesirutust pärssima 1 (kandmisvõte)', 3),
	(11, 'Õpime ülesirutust pärssima 3', 3),
	(12, 'Õpime ülesirutust pärssima 4', 3),
	(13, 'Treenime küünarvarstoetust rätiku/padja abiga', 4),
	(14, 'Treenime küünarvarstoetust', 4),
	(15, 'Treenime küünarvarstoetust pallil 1\r\n\r\n', 4),
	(16, 'Treenime küünarvarstoetust pallil 2', 4),
	(17, 'Õpime haaramist', 5),
	(18, 'Pöörame seljalt kõhule', 6),
	(19, 'Pöörame seljalt kõhule koos mänguasjaga', 6),
	(20, 'Arendame randmetoetust mänguasjaga', 7),
	(21, 'Arendame randmetoetust pallil', 7),
	(22, 'Mänguasja haaramine kõhuliasendis', 8),
	(23, 'Harjutame mänguasja haaramist pallil\r\n\r\n', 8),
	(24, 'Õpime ringselt ümber oma telje liikuma\r\n\r\n', 9),
	(25, 'Harjutame ringselt ümber oma telje liikumist pallil\r\n\r\n', 9),
	(26, 'Harjutame roomamist', 10),
	(27, 'Arendame toetust labakäele ja sirgetele kätele', 11),
	(28, 'Õpime sirgetele kätele toetudes haarama', 11),
	(29, 'Harjutame käpuliasendit', 12),
	(30, 'Õpime käpuliasendisse tulema', 12),
	(31, 'Õpime käpuliasendisse läbi põlvituse tulema', 12),
	(32, 'Õpime käpuliasendis haarama', 13),
	(33, 'Harjutame käputamist', 14),
	(34, 'Õpime läbi käpuliasendi istesse tulema\r\n\r\n', 15),
	(35, 'Õpime istest käpuli- ja kõhuliasendisse liikuma', 16),
	(36, 'Treenime kaitsetoetusreaktsioone istes', 17),
	(37, 'Treenime istumistasakaalu pallil', 18),
	(38, 'Õpime toe najal püsti tõusma', 19),
	(39, 'Õpime toe najal alla tulema', 20),
	(40, 'Harjutame külgsamme toe najal', 21),
	(41, 'Arendame labajalatoetust 1 (sobib juhul, kui laps kipub seisma varvastel', 22),
	(42, 'Arendame labajalatoetust 2 (kükkasendis)', 22),
	(43, 'Arendame labajalatoetust 3 (püstumine toetusega täistallale', 22),
	(44, 'Arendame seismistasakaalu', 23),
	(45, 'Õpime otsesamme', 24);


INSERT INTO `exercisepictures` (`id`, `pictureName`, `pictureDescription`, `exercise_id`) VALUES
    	(1, 'V1_HAR1_P1', 'Aseta laps selili alusele. Meelita tema pilku mänguasjaga, kontrolli, et ta pea oleks otse', 1),
    	(2, 'V1_HAR1_P2', 'Saavuta kontakt lapse pilgu ja mänguasja vahel. Hakka mängusaja keskjoonelt küljele liigutama', 1),
    	(3, 'V1_HAR1_P3', 'Liiguta mänguasja küljelt-küljele. Kontrolli, et lapse pilk oleks fikseeritud mänguasjale', 1),
    	(4, 'V1_HAR2_P1', 'Laps on selili alusel. Hoia last mõlema käega ümber õlgade. Toeta oma pöidlad lapse rinnakule ja sõrmed abaluudele', 2),
    	(5, 'V1_HAR2_P2', 'Too laps poolistuvasse asendisse', 2),
    	(6, 'V1_HAR2_P3', 'Lase laps rahulikult tagasi alusele. Toeta sõrmedega kukla tagant, kui lapse pea liiga taha vajub', 2),
    	(7, 'V1_HAR3_P1', 'Laps on selili alusel. aseta pöidlad lapse peopessa ja haara kätega lapse küünarvartest', 3),
    	(8, 'V1_HAR3_P2', 'Kui laps sinu pöialdest kinni haarab, too ta poolistuvasse asendisse', 3),
    	(9, 'V1_HAR3_P3', 'Lase laps sujuvalt alusele tagasi ja jälgi, et laps kontrolliks oma pea liikumist', 3),
    	(10, 'V1_HAR4_P1', 'Aseta laps kõhuli võimlemispallile ning hoia last õlgadest', 4),
    	(11, 'V1_HAR4_P2', 'Pööra last vasakule. Tõmba lapse paremat õlga allapoole, et ta tõstaks pea aluselt üles. Hoia last asendis lugedes rahulikult kümneni', 4),
    	(12, 'V1_HAR4_P3', 'Lase laps rahulikult tagasi seljale ja seejärel korda harjutust teisele küljele', 4),
    	(13, 'V1_HAR5_P1', 'Laps on selili alusel. Haara lapse käsivartest ja vii lapse käed külgedele', 5),
    	(14, 'V1_HAR5_P2', 'Too lapse käed tagasi kokku ja tee plaksutusi', 5),
    	(15, 'V1_HAR6_P1', 'Laps on selili alusel. Haara oma parema käega lapse vasakust ja vasaku käega lapse paremast käest, vii lapse käed külgedele', 6),
    	(16, 'V1_HAR6_P2', 'Too lapse käed kokku ja tee kalli-kalli. Korda harjutust nii, et vaheldumisi on lapsel üleval üks ja seejärel teine käsi', 6),
    	(17, 'V1_HAR7_P1', 'Võta appi mänguasi ja meelita last mänguasjaga pilku keskjoonele suunama. Kui lapse pea on keskjoonel fikseeritud, too tema käsi vastu mänguasja', 7),
    	(18, 'V1_HAR7_P2', 'Meelita last mänguasjaga ja lase lapsel mänguasja enda kätega puudutada', 7),
    	(19, 'V1_HAR8_P1', 'Anna lapsele kätte mänguasi, toeta teda vajadusel küünarvartest', 8),
    	(20, 'V1_HAR8_P2', 'Vähenda haaret lastes lapsel mänguasja käes hoida', 8),
    	(21, 'V1_HAR8_P3', 'Lase lapse küünarvartest täielikult lahti ja lase tal mänguasja käes hoida', 8),
    	(22, 'V1_HAR8_P4', 'Suuna last käsi üles-alla viima', 8),
    	(23, 'V1_HAR10_P1', 'Laps on selili alusel. Võta kätega kinni hüppeliigestest ja too jalad lapse kõhu juurde. Võta kinni ka lapse kätest ning vii sõrmed ja varbad kokku', 9),
    	(24, 'V1_HAR10_P2', 'Too lapse vastaskätt ja -jalga kokku ükshaaval, alguses ühe ja siis teise poolega', 9),
    	(25, 'V1_HAR9_P1', 'Last süles hoides, hoia teda seljaga enda vastas nii, et lapse jalad oleks painutatud. Sellist asendit võid treenida olles ise põlvituses või kui kannad teda', 10),
    	(26, 'V1_HAR11_P1', 'Too lapse käed ja jalad kokku ning hakka teda kiigutama ühele ja teisele küljele', 11),
    	(27, 'V1_HAR11_P2', 'Last külgedele tuues, suurenda vähehaaval liigutuse amplituudi. Küljel olles on lapse seljalihased venituses', 11),
    	(28, 'V1_HAR12_P1', 'Kui tõstad last aluselt üles, keera ta esmalt küljele ning alles siis võta sülle. See aitab pärssida ülesirutuse teket', 12),
    	(29, 'V1_HAR13_P1', 'Aseta lapse rindkere alla rätikurull või väiksem padi. Kontrolli, et lapse ülakeha oleks kõrgemal kui puusavööde. Säti lapse käed küünarvarstoetusesse. Vajadusel toeta last kätega hoides tema küünarvartest', 13),
    	(30, 'V1_HAR13_P2', 'Vähehaaval hakka enda käsi lapse küünarvartelt eemaldama. Võid toetada oma labakäega lapse alaseljale, et viia raskuskeset allapoole, seeläbi teed küünarvarstoetuse lapse jaoks pisut lihtsamaks', 13),
    	(31, 'V1_HAR14_P1', 'Aseta laps kõhuli ja lapse käed küünarvarstoetusesse', 14),
    	(32, 'V1_HAR14_P2', 'Aseta oma käsi lapse alaseljale toetuseks', 14),
    	(33, 'V1_HAR14_P3', 'Võta abiks mänguasi ning meelita last pilku üles tooma ning küünarvarstoetuses pead tõstma', 14),
    	(34, 'V1_HAR15_P1', 'Aseta laps võimlemispallil kõhuliasendisse pannes käed küünarvarstoetusesse. Hoia last nii, et tema pea oleks kõrgemal kui jalad', 15),
    	(35, 'V1_HAR15_P2', 'Toeta last küünarvartest ning liigu palliga rahulikult ette-taha', 15),
    	(36, 'V1_HAR15_P3', 'Last toetades liigu palliga rahulikult ühele ja teisele küljele', 15),
    	(37, 'V1_HAR16_P1', 'Aseta laps kõhuliasendis ja küünarvarstoetuses võimlemispallile. Meelita last pilku üles suunama, selleks võid võtta kellegi appi, kes lapse pilku mänguasjaga püüaks', 16),
    	(38, 'V1_HAR17_P1', 'Aseta laps selili ning paita tema peopesa ning käeselga, et lapse sõrmed sirutuksid', 17),
    	(39, 'V1_HAR17_P2', 'Toeta ühe käega lapse sõrmi ning teise käega survesta tema peopesa', 17),
    	(40, 'V1_HAR17_P3', 'Toeta ühe käega last sõrmedest ning hakka teise käega liikuma randme juurest sõrmede suunas, et lapse sõrmed sirutuksid', 17),
    	(41, 'V1_HAR17_P4', 'Proovi sirutada lapse sõrmi ükshaaval neid vahepeal painutades. Haaramise soodustamiseks võta appi pehmed mänguasjad või rõngakujulised kõristid ning meelita last mänguasju haarama neid vaikselt sõrmitsedes', 17),
    	(42, 'V2_HAR1_P1', 'Aseta laps selili ning painuta tema üks jalg', 18),
    	(43, 'V2_HAR1_P2', 'Pööra laps vasakule küljele nii, et tema vasak jalg jääb sirgeks ning parem jalg on painutatud', 18),
    	(44, 'V2_HAR1_P3', 'Toeta last seljast ning suuna teda end küljelt kõhuli viima. Teosta harjutust teise küljega', 18),
    	(45, 'V2_HAR2_P1', 'Aseta laps selili. Võta kätte mänguasi ja püüa lapse pilku, katsu saavutada kontakt mänguasja ja lapse pilgu vahel', 19),
    	(46, 'V2_HAR2_P2', 'Liiguta mänguasja külje suunas, kontrolli, et laps mänguasja jälgiks', 19),
    	(47, 'V2_HAR2_P3', 'Meelita last niikaua, kuni ta ennast küljele keerab', 19),
    	(48, 'V2_HAR3_P1', 'Aseta laps kõhuli ning võta kätte mänguasi, meelita last mänguasjaga ülespoole vaatama ning randmega alust puudutama', 20),
    	(49, 'V2_HAR4_P1', 'Aseta laps kõhuli võimlemispallile ning toeta õlgadest', 21),
    	(50, 'V2_HAR4_P2', 'Liiguta last palliga rahulikult ette ning lase tal keha sirutada', 21),
    	(51, 'V2_HAR5_P1', 'Laps on kõhuli, hoia mänguasja lapse ees', 22),
    	(52, 'V2_HAR5_P2', 'Meelita last mänguasjaga seda haarama', 22),
    	(53, 'V2_HAR6_P1', 'Aseta laps kõhuliasendisse pallile, püüa mänguasjaga lapse tähelepanu', 23),
    	(54, 'V2_HAR6_P2', 'Vii lapse keharaskus palli kallutades ühele poolele, et laps tõstaks ühe käe üles', 23),
    	(55, 'V2_HAR6_P3', 'Liiguta mänguasja aina kõrgemale', 23),
    	(56, 'V2_HAR7_P1', 'Aseta laps kõhuli. Paita mänguasjaga lapse käeselga ja sõrmi, et ta hakkaks mänguasja haarama', 24),
    	(57, 'V2_HAR7_P1', 'Jäta mänguasi paigale lapse kõrvale ning oota, et laps käega mänguasja puudutada üritaks ning käe mänguasja juurde tooks. Kui laps mänguasja puudutab, liiguta seda veel edasi', 24),
    	(58, 'V2_HAR8_P1', 'Aseta laps kõhuli võimlemispallile, toeta teda õlgadest. Toetades last tuharatest, teed harjutuse lapse jaoks raskemaks', 25),
    	(59, 'V2_HAR8_P2', 'Alusta rahulikus tempos ringide tegemist pallil. Vii laps ühele küljele, taha, teisele küljele ja ette. Korda ringe mõlemalt pidi. Vaata, et lapse keharaskus liiguks ühtlaselt nii ühele kui teisele küljele', 25),
    	(60, 'V2_HAR9_P1', 'Aseta lapse ette huvitav mänguasi. Haara ühe käega lapse jalast, viies see põlvest ja puusast painutusse', 26),
    	(61, 'V2_HAR9_P2', 'Toeta last jalgadest ja suru tema jalad vastu alust. Laps tahab mänguasja kätte saada ning lükkab painutatud jala sirutusse', 26),
    	(62, 'V3_HAR1_P1', 'Aseta laps oma jalale. Säti ta toetusesse nii, et laps puudutaks labakätega alust', 27),
    	(63, 'V3_HAR1_P2', 'Meelita last mänguasjaga kõrgemale vaatama, et lapse selg ning käed sirutuksid', 27),
    	(64, 'V3_HAR2_P1', 'Kui kahele käele toetus on lapse jaoks lihtne, siis meelita last samas asendis mänguasja järele haarama ning keharaskuse ühele käele viima', 28),
    	(65, 'V3_HAR3_P1', 'Aseta laps läbi põlvituse kõhuli oma reiele', 29),
    	(66, 'V3_HAR3_P2', 'Suuna lapse käed maha nii, et laps jääb käpuliasendisse ning tema kõht toetub sinu jalale', 29),
    	(67, 'V3_HAR4_P1', 'Aseta oma vasak käsi lapse rinnale ja tõsta laps kõhuliasendis üles nii, et tema labakäed puudutavad alust. Kalluta last pisut vasakule, painuta lapse parem jalg ja libista see lapse kehatüve alla', 30),
    	(68, 'V3_HAR4_P2', 'Kalluta last teisele poole. Laps peaks oma vasaku jala ise painutusse tooma. Võid toetada last puusadest, et tal oleks käpuliasendit lihtsam hoida', 30),
    	(69, 'V3_HAR5_P1', 'Aseta laps enda ette põlvitusse ning kalluta teda kehatüvest pisut ettepoole', 31),
    	(70, 'V3_HAR5_P2', 'Toeta last, et ta käed ette viiks ning saavutaks käpuliasendi. Kui laps on käpuliasendis, kiiguta teda ette-taha, sellega treenid tema tasakaalu. Kui laps ei vaja kõhu alt toetust siis too käed lapse puusadele ning kiiguta last ette taha ning külgedele', 31),
    	(71, 'V3_HAR6_P1', 'Kui laps suudab juba ise käpuliasendis olla, võta abiks mänguasi ning õpeta lapsele haaramist. Tõsta mänguasi lapse ette tema silmade kõrgusele ning meelita last kätt aluselt tõstma', 32),
    	(72, 'V3_HAR6_P2', 'Toeta last harjutuse ajal ja haaramisel puusadest keharaskust veidi küljele viies', 32),
    	(73, 'V3_HAR7_P1', 'Aseta lapse ette kaugemale alusele huvitav mänguasi. Toeta vajadusel last puusadest, et ta püsiks käpuliasendis', 33),
    	(74, 'V3_HAR7_P2', 'Kui laps hakkab aluselt käsi tõstma, et mänguasja haarata, toeta teda puusadest jalgu korda-mööda edasi libistada', 33),
    	(75, 'V3_HAR8_P1', 'Aseta laps enda ette käpuliasendisse. Aseta parem käsi lapse puusale ja vasaku käega toeta last õlast', 34),
    	(76, 'V3_HAR8_P2', 'Vii lapse keharaskus taha ning pööra laps läbi vasaku külje istumisasendisse', 34),
    	(77, 'V3_HAR8_P3', 'Toeta last õlast, kuni ta saavutab stabiilse istumisasendi', 34),
    	(78, 'V3_HAR9_P1', 'Aseta laps enda ette istuma ning kalluta teda küjele, et laps enda käe alusele asetaks. Toeta oma kätega last selja tagant ning pööra lapse kehatüve, et ta ka oma teise käe alusele viiks', 35),
    	(79, 'V3_HAR9_P2', 'Võta oma käega lapse säärest ning too jalg käpuliasendisse', 35),
    	(80, 'V3_HAR9_P3', 'Kui laps ennast kõhuli lükkab, on kõhuliasend saavutatud', 35),
    	(81, 'V3_HAR10_P1', 'Aseta laps enda ette istuma ja toeta mõlema käega kehatüvest', 36),
    	(82, 'V3_HAR10_P2', 'Kalluta last küljele, et laps oma käe alusele toetaks. Selle asendi nimi on toetatud külgiste. Hoia last asendis 20 sekundit', 36),
    	(83, 'V3_HAR10_P3', 'Vii laps teisele küljele toetatud külgistesse ning hoia teda seal 20 sekundit', 36),
    	(84, 'V3_HAR11_P1', 'Aseta laps võimlemispallile seljaga enda poole. Toeta last kätega kehatüvest', 37),
    	(85, 'V3_HAR11_P2', 'Kalluta laps võimlemispallil ühele küljele', 37),
    	(86, 'V3_HAR11_P3', 'Korda kallutust teisele küljele', 37),
    	(87, 'V4_HAR1_P1', 'Meelita last mänguasjaga toe najal põlvitusse tulema', 38),
    	(88, 'V4_HAR1_P2', 'Aseta lapse üks jalg täistallal maha ning toeta teda puusadest püsti tõusmisel. Korda harjutust teise jalaga', 38),
    	(89, 'V4_HAR2_P1', 'Kui laps seisab toe ääres, aseta tema kõrvale maha alusele mänguasi. Meelita last mänguasjaga, et ta käega mänguasja puudutaks', 39),
    	(90, 'V4_HAR2_P2', 'Toeta last puusadest ning suuna teda kätt toelt eemaldama ja alla tulema', 39),
    	(91, 'V4_HAR3_P1', 'Kui laps tunneb end toe najal seistes mugavalt, võib hakata talle külgsamme õpetama. Aseta lapse kõrvale küljele mänguasi ning meelita teda sellega', 40),
    	(92, 'V4_HAR3_P2', 'Külgsamme tehes võid toetada last puusadest ning suunata teda mänguasja suunas liikuma. Külgsamme soorita mõlemale küljele võrdselt', 40),
    	(93, 'V4_HAR4_P1', 'Aseta laps toe najale seisma. Võta käega ühe jala põlvest ning vii jalg painustusse, et laps jääks ühele jalale seisma. Hoia asendit 5-10 sekundit ning seejärel korda teise jalaga', 41),
    	(94, 'V4_HAR5_P1', 'Aseta laps enda ette kükkasendisse. Kontrolli, et lapse jalad toetaksid täistallal maha. Toeta last põlvedest ning suuna keharaskust ettepoole, et ta suurendaks toetust labajalgadele. Hoia asendit 5-10 sekundit ', 42),
    	(95, 'V4_HAR6_P1', 'Istu jalad sirgelt ees ning aseta laps enda jalale istuma. Toeta last puusadest ning kontrolli, et laps toetaks täistallale. Suuna last püsti tõusma. Jälgi, et laps toetaks kogu harjutuse vältel täistaldadele', 43),
    	(96, 'V4_HAR7_P1', 'Toeta last seismisel. Hoia kätega puusadest ning vii rahulikult lapse keharaskust ühe ja teise jala poole', 44),
    	(97, 'V4_HAR8_P1', 'Kõndimise treenimiseks toeta last puusadest. Kalluta last ühele küljele, et ta viiks oma keharaskuse ühele jalale ning sooritaks teise jalaga sammu', 45),
    	(98, 'V4_HAR8_P2', 'Korda kallutust teisele küljele, et laps teise jalaga astuks', 45);


INSERT INTO `user` (`id`, `username`, `password`) VALUES
      	(1, 'admin', '$2a$10$iz1QiuSVUMFcXdx5Xs2mr.OdTZBuutK0GrKqWS8x2OhaDz8jKV5ei'),
      	(2, 'tere', '$2a$10$OY6rtA/J5sB6vcWH1MVUIemw9w2x.8VKOsQscYx2PfmT/7.Stvrm2'),
      	(3, '', '$2a$10$m7RGZIUeyAJb/YlQkxL/wugV7zJv6viNdGMJE62CS5mfh7tDEZ8Jm'),
      	(4, 'ökökök', '$2a$10$7I4yPOaL188LBSr/Ws8eXufeB8wRsQwAsU8clTwiiaaUq5R8w.6iy'),
      	(5, 'rfdgsdef', '$2a$10$ms5Ex/PsT0YIvhvO/9keuOF24.LkGwHpzO4TVjIJ5UBNjspT8Ci2q'),
      	(6, 'gadsfgadeg', '$2a$10$YN2kgC15VG4C9Bw9HdBA2.boX/H9D8sQvyEyAlAkKnsbg5d6trdV.'),
      	(7, 'srfswedfswedf', '$2a$10$pBDYUKrkUNApJs2YMtGByedwxjzGLmeii6CCeaLzZ3kH7dF.hGVs6'),
      	(8, 'sdfsdfs', '$2a$10$m569UA2UZBpJDfXI3bWR.e794Eb6SmaTCsUzWvHTm2p7I07yr8F/e'),
      	(9, 'wfsdfsdf', '$2a$10$t/O/OXmePEvhP/FnfAUn6.iFBE2dZCzib6SMphp34sSX5SZi6whlq'),
      	(10, 'edfsdf', '$2a$10$zJbjeOBtuo7f2nEjiWZBxO57fwcwZCaox79d7qvV4KFgSkb.BMw9K'),
      	(11, 'gdergfdfg', '$2a$10$WeM9qJcoGnEY.NP/N7nmM.Zm6xywiTOaxWyla3GmFRpRqOUyj4a5a'),
      	(12, 'dfgdfg', '$2a$10$zPRPDp9dYtaSM4ZlON9w8O6Hodfcx2HlWHkVb/TxG.UV695jyGB3u'),
      	(13, 'erterte', '$2a$10$Y6L4TLs6Nauz.3tElJAyUOARUlV.SPo8C7DmkDaGCg8guM8ZhViJy'),
      	(14, 'yhdrtyhurtyh', '$2a$10$L.xKkgO22Ip.kipm0aAIhO/aMbtjM3iBe65OT5Df4O8EIF.R92Nxy'),
      	(15, 'farferf', '$2a$10$qoko7r4QoDm71bYnn0xpaupKEuGYYxc465/KE837EeeRdKZumaCZa'),
      	(16, 'sdfsdf', '$2a$10$PHdtANY6mMaeT1nZZ4mVr.MrC8yyfIeWzmyvPwmQS0yDWz5PRIpFu'),
      	(17, 'dfgsdfg', '$2a$10$OIf3vSRlo0AT65ODJThwnOXdjl8gxYwwC8q7N1gVYBhA81LrES.4G'),
      	(18, 'sghdrfgdf', '$2a$10$Q8ajdAu.b9cunxwR7jzRhug5kuioW6J/Ql/sKNwPv6yG835esEsLa'),
      	(19, 'gdfgdf', '$2a$10$0pCP1uLiU7NhycPKb4lrdOjhVRXJSn3F64tPnO2DnL2n6mTSR99Hm'),
      	(20, 'fsdfsdf', '$2a$10$6BvwJtuA381y8iqMy7GPVO/wbgcXBER0a8l8YyCu.MTdFKhbS8ZLu'),
      	(21, 'fsdfsdfrfr', '$2a$10$Zm2UokWPG5CK7cip1xLdmOov1/9Y1qU1816wgfBQuLtkNnmBQMB0K'),
      	(22, 'asdfasdfdasf', '$2a$10$Kbd/XAS2OSByU7uM2QikbeX9UhIcFMkTksszOC5cjLhVXaW2kSwrC'),
      	(23, 'asdfdasfadsfdasfdasf', '$2a$10$N6jdsJao1s4iNQICfJCFO.gZ1qCu4/FyV/QzxH7yTDi7KPq79R4Vu'),
      	(24, 'rfg345', '$2a$10$7.8JiJ/3amwbCupf4tYA9OGIfADjf9kggGfshY1TiYFFmnFxslKRy'),
      	(25, 'dsfgds546', '$2a$10$SWyYdVLZiN2z/n3KJAeX5OkKBuWKNN9.yhhYcqtIxwmOnXa2H0Km6'),
      	(26, 'dsafasdfasdf546', '$2a$10$2Cy4FQ75MfVf.T7QfQkcfeoQ989P6bEWNnhgy1lc7x4YS/YAnqGs2'),
      	(27, 'rtgaerae', '$2a$10$t9moPI8P1F2OUmX9jG1FI.Zg281cwyMwDv6qGhqg24PfO2JAGwRBe'),
      	(28, 'tgfdg', '$2a$10$NTd/vpjDg0NrnCQUzM4.4.QbFqbMvNnXT6WDWMRKAP6jAERxS9aUi'),
      	(29, 'tgfdggrtfg', '$2a$10$XWk4V8wPI0WrYbLdkrTDiOhEzNNm2XBm7ovtb4jjd332d.9I9QrYu'),
      	(30, 'tgdfgd', '$2a$10$apIg.f8Eq4YHJB52aU9t/./yixgVE4Vje0oCjDL3HUooN1T8/4z4q');
